work_package,phase,objective,status,evidence_state,progress_note,current_evidence,missing_item,allowed_work,prohibited_claim,next_gate,owner,review_date
WP0,P0 Contract,연구 헌장 승인,active,observed,헌장 초안 작성 완료(본 세션); 독립 리뷰어 지정 대기,Research_Charter.md draft,오너 외 리뷰어 지정 및 승인,헌장 검토·세부 보완,헌장이 승인되었다는 주장 금지(리뷰 전),G0 승인,Ian,미정
WP1,P1 Baseline,경쟁도구/현재상태 baseline 정의,active,observed,Excel/Minitab/JMP/SPC 소프트웨어 일반현황 및 조립라인 SPC 사례 문헌 스캔 착수,SRC-107;SRC-109;SRC-110,제조 도메인 특화 경쟁사 상세 비교(가격·기능표),추가 경쟁분석 문헌조사,본 앱이 특정 경쟁제품보다 우월하다는 정량적 주장 금지,G1,Ian,미정
WP2,P2 Evidence,근거 구조(Source/Claim) 구축,active,observed,문헌 스캔 130건·Claim 29건으로 확대; RQ-07 답변으로 MVP(Phase1) 대 Case Library 8건 커버리지 매트릭스 완료(완전커버 0/부분3/미커버5) — Phase1 설계 자체의 구조적 공백 2건(가정확인 도구 부재, MSA 부재) 신규 발견(FND-11),Source_Register.csv 130행; 08_DELIVERABLES/MVP_Coverage_Matrix.md,대상 도메인(제조) 특화 동료심사 문헌 부족,추가 claim 매핑 지속,문헌 근거만으로 UX 효과성이 입증되었다는 주장 금지; Phase1 범위가 '부족/잘못됐다'는 단정 금지,G2,Ian,미정
WP2b,P1-P2 Field Evidence,실제 조립현장·산업공통 Case Library 수집(헌장목표 G7/G8),active,observed(1차인터뷰1건+문헌7건),에어컨 인터뷰(CASE-001) 완료; 사용자 지시로 산업공통 5대 주제(MSA/원인분석/핵심요인/결과검증/유지관리) 문헌사례 CASE-004~008 추가 완료,냉장고·세탁기·조리기기 실사례; 통계전문가의 사내 적용타당성 검토,문헌사례 추가 확장 또는 통계전문가 리뷰,'산업공통 사례가 본 사에 그대로 적용된다'는 주장 절대 금지,G1/G2 보강,Ian,미정
WP3,P3 Data readiness,실 데이터 확보 전 데이터 사전 설계,planned,missing,Data_Dictionary/Lineage 템플릿만 존재; 실데이터 없음,없음,실제 CTQ 샘플 데이터셋(익명화),대기,데이터 품질 검증 완료 주장 금지,G3,Ian,미정
WP4,P4 Method freeze,분석 프로토콜/통계기준 확정,active,observed(self-reviewed+simulated),Navigator 결정로직(§7,§28) 통계이론 자체감사+2차 자기비판적 재검토+3차 몬테카를로 시뮬레이션(RUN-009) 완료 — 7개 오매핑 위험 중 4개를 합성데이터로 정량화(자기상관이 가장 심각, 1종오류율 최대 63.8%); 독립전문가 리뷰는 전문가 부재로 waived(DEC-006),04_METHODS/Navigator_Logic_Statistical_Audit.md; 06_ANALYSIS/navigator_risk_simulation_results.json,실데이터 기반 위험도 실측(합성데이터 아닌 실제 CTQ 데이터); 실 전문가 확보 시 재검토,감사·시뮬레이션 결과를 Navigator 설계요구사항으로 정리(진행중); Ian의 accepted 판단 대기,검정선택 로직이 '검증되었다'거나 '독립검증을 거쳤다'는 주장 금지(self-reviewed까지만); 시뮬레이션 수치를 실제 현장 수치로 제시하는 것 금지,G4,Ian,미정
WP5,P5 Execution,사용자 인터뷰/사용성 테스트 실행,planned(DEC-007 이관),missing,미착수 — 프로토타입 단계로 명시적 이관(GAP-01,02,05,06 해결 필요),없음,인터뷰 대상자 섭외,대기,사용자 검증 결과 존재 주장 금지,G5,Ian,미정
WP6,P6 Adjudication,모든 연구질문·발견을 종합 판정,active,observed(self-adjudicated),FND-01~11·CLM-01~29 종합하여 08_DELIVERABLES/Final_Report.md v1.0 작성 완료 — 학습결정 adapt(조건부 채택),07_RESULTS/Findings_Register.csv; 08_DELIVERABLES/Final_Report.md,G3/G5 실데이터·실사용자 결과(판정 보강용),Ian의 accepted 승인,'모든 항목이 실증 완료되었다' 주장 금지,G7,Ian,미정
WP7,P7 Translation,의사결정자용 실행요약·핸드오프 패키지 작성,active,observed,Executive_Brief.md·Research_Handoff_Package.md·Navigator_Design_Requirements.md·MVP_Coverage_Matrix.md 최종화 완료,08_DELIVERABLES/*,Ian의 결정(NAV-REQ 채택 여부 등),프로토타입 착수 준비,'Ian이 이미 승인했다' 주장 금지,G8,Ian,미정
